{"get":"statistics","parameters":{"league":"13","season":"2023","team":"162"},"errors":[],"results":5,"response":{"country":{"id":5,"name":"USA","code":"US","flag":"https:\/\/media-3.api-sports.io\/flags\/us.svg"},"league":{"id":13,"name":"NBA W","type":"League","season":"2023","logo":"https:\/\/media-3.api-sports.io\/basketball\/leagues\/13.png"},"team":{"id":162,"name":"Atlanta Dream W","logo":"https:\/\/media-3.api-sports.io\/basketball\/teams\/162.png"},"games":{"played":{"home":6,"away":5,"all":11},"wins":{"home":{"total":1,"percentage":"0.167"},"away":{"total":3,"percentage":"0.600"},"all":{"total":4,"percentage":"0.364"}},"draws":{"home":{"total":0,"percentage":"0.000"},"away":{"total":0,"percentage":"0.000"},"all":{"total":0,"percentage":"0.000"}},"loses":{"home":{"total":5,"percentage":"0.833"},"away":{"total":2,"percentage":"0.400"},"all":{"total":7,"percentage":"0.636"}}},"points":{"for":{"total":{"home":485,"away":415,"all":900},"average":{"home":"80.8","away":"83.0","all":"81.8"}},"against":{"total":{"home":527,"away":417,"all":944},"average":{"home":"87.8","away":"83.4","all":"85.8"}}}}}
