[[
    {
        "team": {
            "id": 455,
            "name": "Atletico Tucuman",
            "logo": "https://media-1.api-sports.io/football/teams/455.png"
        },
        "statistics": [
            {
                "type": "Shots on Goal",
                "value": 4
            },
            {
                "type": "Shots off Goal",
                "value": 4
            },
            {
                "type": "Total Shots",
                "value": 10
            },
            {
                "type": "Blocked Shots",
                "value": 2
            },
            {
                "type": "Shots insidebox",
                "value": 7
            },
            {
                "type": "Shots outsidebox",
                "value": 3
            },
            {
                "type": "Fouls",
                "value": 7
            },
            {
                "type": "Corner Kicks",
                "value": 4
            },
            {
                "type": "Offsides",
                "value": 3
            },
            {
                "type": "Ball Possession",
                "value": "45%"
            },
            {
                "type": "Yellow Cards",
                "value": 1
            },
            {
                "type": "Red Cards",
                "value": null
            },
            {
                "type": "Goalkeeper Saves",
                "value": 1
            },
            {
                "type": "Total passes",
                "value": 296
            },
            {
                "type": "Passes accurate",
                "value": 210
            },
            {
                "type": "Passes %",
                "value": "71%"
            },
            {
                "type": "expected_goals",
                "value": null
            }
        ]
    },
    {
        "team": {
            "id": 439,
            "name": "Godoy Cruz",
            "logo": "https://media-1.api-sports.io/football/teams/439.png"
        },
        "statistics": [
            {
                "type": "Shots on Goal",
                "value": 1
            },
            {
                "type": "Shots off Goal",
                "value": 6
            },
            {
                "type": "Total Shots",
                "value": 11
            },
            {
                "type": "Blocked Shots",
                "value": 4
            },
            {
                "type": "Shots insidebox",
                "value": 6
            },
            {
                "type": "Shots outsidebox",
                "value": 5
            },
            {
                "type": "Fouls",
                "value": 8
            },
            {
                "type": "Corner Kicks",
                "value": 3
            },
            {
                "type": "Offsides",
                "value": 2
            },
            {
                "type": "Ball Possession",
                "value": "55%"
            },
            {
                "type": "Yellow Cards",
                "value": 1
            },
            {
                "type": "Red Cards",
                "value": null
            },
            {
                "type": "Goalkeeper Saves",
                "value": 2
            },
            {
                "type": "Total passes",
                "value": 367
            },
            {
                "type": "Passes accurate",
                "value": 283
            },
            {
                "type": "Passes %",
                "value": "77%"
            },
            {
                "type": "expected_goals",
                "value": null
            }
        ]
    }
], 

[
    {
        "team": {
            "id": 434,
            "name": "Gimnasia L.P.",
            "logo": "https://media-1.api-sports.io/football/teams/434.png"
        },
        "statistics": [
            {
                "type": "Shots on Goal",
                "value": 3
            },
            {
                "type": "Shots off Goal",
                "value": 3
            },
            {
                "type": "Total Shots",
                "value": 9
            },
            {
                "type": "Blocked Shots",
                "value": 3
            },
            {
                "type": "Shots insidebox",
                "value": 2
            },
            {
                "type": "Shots outsidebox",
                "value": 7
            },
            {
                "type": "Fouls",
                "value": 7
            },
            {
                "type": "Corner Kicks",
                "value": 1
            },
            {
                "type": "Offsides",
                "value": 2
            },
            {
                "type": "Ball Possession",
                "value": "51%"
            },
            {
                "type": "Yellow Cards",
                "value": 1
            },
            {
                "type": "Red Cards",
                "value": null
            },
            {
                "type": "Goalkeeper Saves",
                "value": 2
            },
            {
                "type": "Total passes",
                "value": 304
            },
            {
                "type": "Passes accurate",
                "value": 208
            },
            {
                "type": "Passes %",
                "value": "68%"
            },
            {
                "type": "expected_goals",
                "value": null
            }
        ]
    },
    {
        "team": {
            "id": 445,
            "name": "Huracan",
            "logo": "https://media-3.api-sports.io/football/teams/445.png"
        },
        "statistics": [
            {
                "type": "Shots on Goal",
                "value": 2
            },
            {
                "type": "Shots off Goal",
                "value": 4
            },
            {
                "type": "Total Shots",
                "value": 8
            },
            {
                "type": "Blocked Shots",
                "value": 2
            },
            {
                "type": "Shots insidebox",
                "value": 5
            },
            {
                "type": "Shots outsidebox",
                "value": 3
            },
            {
                "type": "Fouls",
                "value": 13
            },
            {
                "type": "Corner Kicks",
                "value": 3
            },
            {
                "type": "Offsides",
                "value": 1
            },
            {
                "type": "Ball Possession",
                "value": "49%"
            },
            {
                "type": "Yellow Cards",
                "value": 3
            },
            {
                "type": "Red Cards",
                "value": null
            },
            {
                "type": "Goalkeeper Saves",
                "value": 3
            },
            {
                "type": "Total passes",
                "value": 271
            },
            {
                "type": "Passes accurate",
                "value": 178
            },
            {
                "type": "Passes %",
                "value": "66%"
            },
            {
                "type": "expected_goals",
                "value": null
            }
        ]
    }
]
]